"StudentID;""StudentName"";""AGE"";""ClassName"";""City"""
"1;""Aarav Shah"";""18"";""FYBSc IT"";""Mumbai"""
"2;""Meera Joshi"";""19"";""FYBCA"";""Pune"""
"3;""Rohan Patil"";""20"";""SYBSc IT"";""Nashik"""
"4;""Sneha Desai"";""18"";""FYBCA"";""Mumbai"""
"5;""Amit Kumar"";""21"";""TYBSc IT"";""Delhi"""
"6;""Pooja Singh"";""19"";""SYBCA"";""Pune"""
"7;""Vikram rao"";""20"";""SYBSc IT"";""Bengaluru"""
"8;""Neha Shrama"";""18"";""FYBCA"";""Nashik"""
"9;""Rahul Verma"";""21"";""TYBSc IT"";""Mumbai"""
"10;""Kavita Iyer"";""19"";""SYBCA"";""Chennai"""
